"Stars","Title","Entry ID","Date Added","Date Modified","PDB TITLE","PDB ID","PDB RESOLUTION","PDB EXPDTA","PDB EXPDTA TEMPERATURE","PDB EXPDTA PH","Source Path","Source File","Source File Index","prepared","flags","tautomer probability","Ionization Penalty","State Penalty","Tot Q","Job Name","Potential Energy-S-OPLS","docking score","XP GScore","glide gscore","glide emodel","res:A346 vdw","res:A346 coul","res:A346 hbond","res:A346 dist","res:A346 Eint","res:A379 vdw","res:A379 coul","res:A379 hbond","res:A379 dist","res:A379 Eint","res:A276 vdw","res:A276 coul","res:A276 hbond","res:A276 dist","res:A276 Eint","res:A376 vdw","res:A376 coul","res:A376 hbond","res:A376 dist","res:A376 Eint","res:A375 vdw","res:A375 coul","res:A375 hbond","res:A375 dist","res:A375 Eint","res:A374 vdw","res:A374 coul","res:A374 hbond","res:A374 dist","res:A374 Eint","res:A373 vdw","res:A373 coul","res:A373 hbond","res:A373 dist","res:A373 Eint","res:A372 vdw","res:A372 coul","res:A372 hbond","res:A372 dist","res:A372 Eint","res:A371 vdw","res:A371 coul","res:A371 hbond","res:A371 dist","res:A371 Eint","res:A370 vdw","res:A370 coul","res:A370 hbond","res:A370 dist","res:A370 Eint","res:A369 vdw","res:A369 coul","res:A369 hbond","res:A369 dist","res:A369 Eint","res:A368 vdw","res:A368 coul","res:A368 hbond","res:A368 dist","res:A368 Eint","res:A343 vdw","res:A343 coul","res:A343 hbond","res:A343 dist","res:A343 Eint","res:A342 vdw","res:A342 coul","res:A342 hbond","res:A342 dist","res:A342 Eint","res:A340 vdw","res:A340 coul","res:A340 hbond","res:A340 dist","res:A340 Eint","res:A339 vdw","res:A339 coul","res:A339 hbond","res:A339 dist","res:A339 Eint","res:A336 vdw","res:A336 coul","res:A336 hbond","res:A336 dist","res:A336 Eint","res:A335 vdw","res:A335 coul","res:A335 hbond","res:A335 dist","res:A335 Eint","res:A281 vdw","res:A281 coul","res:A281 hbond","res:A281 dist","res:A281 Eint","res:A278 vdw","res:A278 coul","res:A278 hbond","res:A278 dist","res:A278 Eint","res:A277 vdw","res:A277 coul","res:A277 hbond","res:A277 dist","res:A277 Eint","res:A274 vdw","res:A274 coul","res:A274 hbond","res:A274 dist","res:A274 Eint","res:A273 vdw","res:A273 coul","res:A273 hbond","res:A273 dist","res:A273 Eint","res:A269 vdw","res:A269 coul","res:A269 hbond","res:A269 dist","res:A269 Eint","res:A257 vdw","res:A257 coul","res:A257 hbond","res:A257 dist","res:A257 Eint","res:A256 vdw","res:A256 coul","res:A256 hbond","res:A256 dist","res:A256 Eint","res:A255 vdw","res:A255 coul","res:A255 hbond","res:A255 dist","res:A255 Eint","res:A240 vdw","res:A240 coul","res:A240 hbond","res:A240 dist","res:A240 Eint","res:A237 vdw","res:A237 coul","res:A237 hbond","res:A237 dist","res:A237 Eint","res:A236 vdw","res:A236 coul","res:A236 hbond","res:A236 dist","res:A236 Eint","res:A233 vdw","res:A233 coul","res:A233 hbond","res:A233 dist","res:A233 Eint","res:A186 vdw","res:A186 coul","res:A186 hbond","res:A186 dist","res:A186 Eint","res:A185 vdw","res:A185 coul","res:A185 hbond","res:A185 dist","res:A185 Eint","res:A184 vdw","res:A184 coul","res:A184 hbond","res:A184 dist","res:A184 Eint","res:A183 vdw","res:A183 coul","res:A183 hbond","res:A183 dist","res:A183 Eint","res:A182 vdw","res:A182 coul","res:A182 hbond","res:A182 dist","res:A182 Eint","res:A181 vdw","res:A181 coul","res:A181 hbond","res:A181 dist","res:A181 Eint","res:A180 vdw","res:A180 coul","res:A180 hbond","res:A180 dist","res:A180 Eint","res:A179 vdw","res:A179 coul","res:A179 hbond","res:A179 dist","res:A179 Eint","res:A178 vdw","res:A178 coul","res:A178 hbond","res:A178 dist","res:A178 Eint","res:A177 vdw","res:A177 coul","res:A177 hbond","res:A177 dist","res:A177 Eint","res:A176 vdw","res:A176 coul","res:A176 hbond","res:A176 dist","res:A176 Eint","res:A175 vdw","res:A175 coul","res:A175 hbond","res:A175 dist","res:A175 Eint","res:A174 vdw","res:A174 coul","res:A174 hbond","res:A174 dist","res:A174 Eint","res:A167 vdw","res:A167 coul","res:A167 hbond","res:A167 dist","res:A167 Eint","res:A162 vdw","res:A162 coul","res:A162 hbond","res:A162 dist","res:A162 Eint","res:A161 vdw","res:A161 coul","res:A161 hbond","res:A161 dist","res:A161 Eint","res:A159 vdw","res:A159 coul","res:A159 hbond","res:A159 dist","res:A159 Eint","res:A158 vdw","res:A158 coul","res:A158 hbond","res:A158 dist","res:A158 Eint","res:A157 vdw","res:A157 coul","res:A157 hbond","res:A157 dist","res:A157 Eint","res:A155 vdw","res:A155 coul","res:A155 hbond","res:A155 dist","res:A155 Eint","res:A154 vdw","res:A154 coul","res:A154 hbond","res:A154 dist","res:A154 Eint","res:A153 vdw","res:A153 coul","res:A153 hbond","res:A153 dist","res:A153 Eint","res:A150 vdw","res:A150 coul","res:A150 hbond","res:A150 dist","res:A150 Eint","res:A104 vdw","res:A104 coul","res:A104 hbond","res:A104 dist","res:A104 Eint","Mark","GGGSGGDEAEKL Seq","GGGSGGDEAEKL Homology Source","GGGSGGDEAEKL Homology Stemres","GGGSGGDEAEKL Homology Loopres","GGGSGGDEAEKL Homology Seq","GGGSGGDEAEKL Homology Similarity","GGGSGGDEAEKL Homology Stem Dist","GGGSGGDEAEKL Homology Stem Beta","GGGSGGDEAEKL Homology Stem Gamma","OPLSVersion","Potential Energy","RMS Derivative","Minimization Converged","Potential Energy-OPLS 2005"
,"5XPR","1","2026-09-10 10:24:29","2026-09-10 10:24:29","HUMAN ENDOTHELIN RECEPTOR TYPE-B IN COMPLEX WITH ANTAGONIST BOSENTAN","5XPR",3.600,"X-RAY DIFFRACTION",100.000,6.000,"/home/weili/dxl/AR","5xpr.pdb",1,,,,,,,"",,,,,,,,,,,,,,,,,,,,,,,,,,,,,,,,,,,,,,,,,,,,,,,,,,,,,,,,,,,,,,,,,,,,,,,,,,,,,,,,,,,,,,,,,,,,,,,,,,,,,,,,,,,,,,,,,,,,,,,,,,,,,,,,,,,,,,,,,,,,,,,,,,,,,,,,,,,,,,,,,,,,,,,,,,,,,,,,,,,,,,,,,,,,,,,,,,,,,,,,,,,,,,,,,,,,,,,,,,,,,,,,,,,,,,,,,,,,,,,,,,,,,,,,,,,,,,,,,,,,,,,,,,,,,,,,,,,,,,,,,,"","","","","",,,,,"",,,,
,"5XPR - preprocessed","15","2026-09-10 10:38:21","2026-09-10 10:42:37","HUMAN ENDOTHELIN RECEPTOR TYPE-B IN COMPLEX WITH ANTAGONIST BOSENTAN","5XPR",3.600,"X-RAY DIFFRACTION",100.000,6.000,"/home/weili/dxl/AR","5xpr.pdb",1,true,,,,,,"",,,,,,,,,,,,,,,,,,,,,,,,,,,,,,,,,,,,,,,,,,,,,,,,,,,,,,,,,,,,,,,,,,,,,,,,,,,,,,,,,,,,,,,,,,,,,,,,,,,,,,,,,,,,,,,,,,,,,,,,,,,,,,,,,,,,,,,,,,,,,,,,,,,,,,,,,,,,,,,,,,,,,,,,,,,,,,,,,,,,,,,,,,,,,,,,,,,,,,,,,,,,,,,,,,,,,,,,,,,,,,,,,,,,,,,,,,,,,,,,,,,,,,,,,,,,,,,,,,,,,,,,,,,,,,,,,,,,,,,,,,"","","","","",,,,,"",,,,
,"5XPR - hbond-opt","16","2026-09-10 10:43:01","2026-09-15 00:09:51","HUMAN ENDOTHELIN RECEPTOR TYPE-B IN COMPLEX WITH ANTAGONIST BOSENTAN","5XPR",3.600,"X-RAY DIFFRACTION",100.000,6.000,"/home/weili/dxl/AR","5xpr.pdb",1,true,,,,,,"",,,,,,,,,,,,,,,,,,,,,,,,,,,,,,,,,,,,,,,,,,,,,,,,,,,,,,,,,,,,,,,,,,,,,,,,,,,,,,,,,,,,,,,,,,,,,,,,,,,,,,,,,,,,,,,,,,,,,,,,,,,,,,,,,,,,,,,,,,,,,,,,,,,,,,,,,,,,,,,,,,,,,,,,,,,,,,,,,,,,,,,,,,,,,,,,,,,,,,,,,,,,,,,,,,,,,,,,,,,,,,,,,,,,,,,,,,,,,,,,,,,,,,,,,,,,,,,,,,,,,,,,,,,,,,,,,,,,,,,,,,"","","","","",,,,,"",,,,
,"5XPR_ligands - minimized","47","2026-09-15 00:11:20","2026-09-15 00:25:15","HUMAN ENDOTHELIN RECEPTOR TYPE-B IN COMPLEX WITH ANTAGONIST BOSENTAN","5XPR",3.600,"X-RAY DIFFRACTION",100.000,6.000,"/home/weili/dxl/AR","5xpr.pdb",1,true,,,,,,"",-960.713,,,,,,,,,,,,,,,,,,,,,,,,,,,,,,,,,,,,,,,,,,,,,,,,,,,,,,,,,,,,,,,,,,,,,,,,,,,,,,,,,,,,,,,,,,,,,,,,,,,,,,,,,,,,,,,,,,,,,,,,,,,,,,,,,,,,,,,,,,,,,,,,,,,,,,,,,,,,,,,,,,,,,,,,,,,,,,,,,,,,,,,,,,,,,,,,,,,,,,,,,,,,,,,,,,,,,,,,,,,,,,,,,,,,,,,,,,,,,,,,,,,,,,,,,,,,,,,,,,,,,,,,,,,,,,,,,,,,,,,,,"","","","","",,,,,"",,,,
0,"5XPR - minimized","27","2026-09-10 10:44:56","2026-09-14 22:38:49","HUMAN ENDOTHELIN RECEPTOR TYPE-B IN COMPLEX WITH ANTAGONIST BOSENTAN","5XPR",3.600,"X-RAY DIFFRACTION",100.000,6.000,"/home/weili/dxl/AR","5xpr.pdb",1,true,,,,,,"",-960.713,,,,,,,,,,,,,,,,,,,,,,,,,,,,,,,,,,,,,,,,,,,,,,,,,,,,,,,,,,,,,,,,,,,,,,,,,,,,,,,,,,,,,,,,,,,,,,,,,,,,,,,,,,,,,,,,,,,,,,,,,,,,,,,,,,,,,,,,,,,,,,,,,,,,,,,,,,,,,,,,,,,,,,,,,,,,,,,,,,,,,,,,,,,,,,,,,,,,,,,,,,,,,,,,,,,,,,,,,,,,,,,,,,,,,,,,,,,,,,,,,,,,,,,,,,,,,,,,,,,,,,,,,,,,,,,,,,,,,,,,,"","","","","",,,,,"",,,,
0,"Bosentan","39","2026-09-10 10:44:56","2026-09-14 23:10:18","HUMAN ENDOTHELIN RECEPTOR TYPE-B IN COMPLEX WITH ANTAGONIST BOSENTAN","5XPR",3.600,"X-RAY DIFFRACTION",100.000,6.000,"/home/weili/dxl/AR","5xpr.pdb",1,true,,,,,,"",-960.713,,,,,,,,,,,,,,,,,,,,,,,,,,,,,,,,,,,,,,,,,,,,,,,,,,,,,,,,,,,,,,,,,,,,,,,,,,,,,,,,,,,,,,,,,,,,,,,,,,,,,,,,,,,,,,,,,,,,,,,,,,,,,,,,,,,,,,,,,,,,,,,,,,,,,,,,,,,,,,,,,,,,,,,,,,,,,,,,,,,,,,,,,,,,,,,,,,,,,,,,,,,,,,,,,,,,,,,,,,,,,,,,,,,,,,,,,,,,,,,,,,,,,,,,,,,,,,,,,,,,,,,,,,,,,,,,,,,,,,,,,"","","","","",,,,,"",,,,
,"C2","10","2026-09-10 10:37:43","2026-09-10 10:37:43","","",,"",,,"/home/weili/dxl/etb.prj","etb.csv",1,,,,,,,"",,,,,,,,,,,,,,,,,,,,,,,,,,,,,,,,,,,,,,,,,,,,,,,,,,,,,,,,,,,,,,,,,,,,,,,,,,,,,,,,,,,,,,,,,,,,,,,,,,,,,,,,,,,,,,,,,,,,,,,,,,,,,,,,,,,,,,,,,,,,,,,,,,,,,,,,,,,,,,,,,,,,,,,,,,,,,,,,,,,,,,,,,,,,,,,,,,,,,,,,,,,,,,,,,,,,,,,,,,,,,,,,,,,,,,,,,,,,,,,,,,,,,,,,,,,,,,,,,,,,,,,,,,,,,,,,,,,,,,,,,,"","","","","",,,,,"",,,,
,"C7","11","2026-09-10 10:37:43","2026-09-10 10:37:43","","",,"",,,"/home/weili/dxl/etb.prj","etb.csv",2,,,,,,,"",,,,,,,,,,,,,,,,,,,,,,,,,,,,,,,,,,,,,,,,,,,,,,,,,,,,,,,,,,,,,,,,,,,,,,,,,,,,,,,,,,,,,,,,,,,,,,,,,,,,,,,,,,,,,,,,,,,,,,,,,,,,,,,,,,,,,,,,,,,,,,,,,,,,,,,,,,,,,,,,,,,,,,,,,,,,,,,,,,,,,,,,,,,,,,,,,,,,,,,,,,,,,,,,,,,,,,,,,,,,,,,,,,,,,,,,,,,,,,,,,,,,,,,,,,,,,,,,,,,,,,,,,,,,,,,,,,,,,,,,,,"","","","","",,,,,"",,,,
,"C8","12","2026-09-10 10:37:43","2026-09-10 10:37:43","","",,"",,,"/home/weili/dxl/etb.prj","etb.csv",3,,,,,,,"",,,,,,,,,,,,,,,,,,,,,,,,,,,,,,,,,,,,,,,,,,,,,,,,,,,,,,,,,,,,,,,,,,,,,,,,,,,,,,,,,,,,,,,,,,,,,,,,,,,,,,,,,,,,,,,,,,,,,,,,,,,,,,,,,,,,,,,,,,,,,,,,,,,,,,,,,,,,,,,,,,,,,,,,,,,,,,,,,,,,,,,,,,,,,,,,,,,,,,,,,,,,,,,,,,,,,,,,,,,,,,,,,,,,,,,,,,,,,,,,,,,,,,,,,,,,,,,,,,,,,,,,,,,,,,,,,,,,,,,,,,"","","","","",,,,,"",,,,
,"C9","13","2026-09-10 10:37:43","2026-09-10 10:37:43","","",,"",,,"/home/weili/dxl/etb.prj","etb.csv",4,,,,,,,"",,,,,,,,,,,,,,,,,,,,,,,,,,,,,,,,,,,,,,,,,,,,,,,,,,,,,,,,,,,,,,,,,,,,,,,,,,,,,,,,,,,,,,,,,,,,,,,,,,,,,,,,,,,,,,,,,,,,,,,,,,,,,,,,,,,,,,,,,,,,,,,,,,,,,,,,,,,,,,,,,,,,,,,,,,,,,,,,,,,,,,,,,,,,,,,,,,,,,,,,,,,,,,,,,,,,,,,,,,,,,,,,,,,,,,,,,,,,,,,,,,,,,,,,,,,,,,,,,,,,,,,,,,,,,,,,,,,,,,,,,,"","","","","",,,,,"",,,,
,"C1","14","2026-09-10 10:37:43","2026-09-10 10:37:43","","",,"",,,"/home/weili/dxl/etb.prj","etb.csv",5,,,,,,,"",,,,,,,,,,,,,,,,,,,,,,,,,,,,,,,,,,,,,,,,,,,,,,,,,,,,,,,,,,,,,,,,,,,,,,,,,,,,,,,,,,,,,,,,,,,,,,,,,,,,,,,,,,,,,,,,,,,,,,,,,,,,,,,,,,,,,,,,,,,,,,,,,,,,,,,,,,,,,,,,,,,,,,,,,,,,,,,,,,,,,,,,,,,,,,,,,,,,,,,,,,,,,,,,,,,,,,,,,,,,,,,,,,,,,,,,,,,,,,,,,,,,,,,,,,,,,,,,,,,,,,,,,,,,,,,,,,,,,,,,,,"","","","","",,,,,"",,,,
,"C2","17","2026-09-10 10:44:07","2026-09-10 10:44:07","","",,"",,,"/home/weili/dxl/etb.prj","etb.csv",1,,0,1.000,0.0834,0.0355,0,"ligprep_etb",,,,,,,,,,,,,,,,,,,,,,,,,,,,,,,,,,,,,,,,,,,,,,,,,,,,,,,,,,,,,,,,,,,,,,,,,,,,,,,,,,,,,,,,,,,,,,,,,,,,,,,,,,,,,,,,,,,,,,,,,,,,,,,,,,,,,,,,,,,,,,,,,,,,,,,,,,,,,,,,,,,,,,,,,,,,,,,,,,,,,,,,,,,,,,,,,,,,,,,,,,,,,,,,,,,,,,,,,,,,,,,,,,,,,,,,,,,,,,,,,,,,,,,,,,,,,,,,,,,,,,,,,,,,,,,,,,,,,,,,,,"","","","","",,,,,"",,,,
,"C2","18","2026-09-10 10:44:07","2026-09-10 10:44:07","","",,"",,,"/home/weili/dxl/etb.prj","etb.csv",1,,0,1.000,1.2296,1.7168,-1,"ligprep_etb",,,,,,,,,,,,,,,,,,,,,,,,,,,,,,,,,,,,,,,,,,,,,,,,,,,,,,,,,,,,,,,,,,,,,,,,,,,,,,,,,,,,,,,,,,,,,,,,,,,,,,,,,,,,,,,,,,,,,,,,,,,,,,,,,,,,,,,,,,,,,,,,,,,,,,,,,,,,,,,,,,,,,,,,,,,,,,,,,,,,,,,,,,,,,,,,,,,,,,,,,,,,,,,,,,,,,,,,,,,,,,,,,,,,,,,,,,,,,,,,,,,,,,,,,,,,,,,,,,,,,,,,,,,,,,,,,,,,,,,,,,"","","","","",,,,,"",,,,
,"C7","19","2026-09-10 10:44:07","2026-09-10 10:44:07","","",,"",,,"/home/weili/dxl/etb.prj","etb.csv",2,,0,,0.0031,0.0022,-1,"ligprep_etb",,,,,,,,,,,,,,,,,,,,,,,,,,,,,,,,,,,,,,,,,,,,,,,,,,,,,,,,,,,,,,,,,,,,,,,,,,,,,,,,,,,,,,,,,,,,,,,,,,,,,,,,,,,,,,,,,,,,,,,,,,,,,,,,,,,,,,,,,,,,,,,,,,,,,,,,,,,,,,,,,,,,,,,,,,,,,,,,,,,,,,,,,,,,,,,,,,,,,,,,,,,,,,,,,,,,,,,,,,,,,,,,,,,,,,,,,,,,,,,,,,,,,,,,,,,,,,,,,,,,,,,,,,,,,,,,,,,,,,,,,,"","","","","",,,,,"",,,,
,"C8","20","2026-09-10 10:44:07","2026-09-10 10:44:07","","",,"",,,"/home/weili/dxl/etb.prj","etb.csv",3,,0,1.000,0.2774,0.2671,-2,"ligprep_etb",,,,,,,,,,,,,,,,,,,,,,,,,,,,,,,,,,,,,,,,,,,,,,,,,,,,,,,,,,,,,,,,,,,,,,,,,,,,,,,,,,,,,,,,,,,,,,,,,,,,,,,,,,,,,,,,,,,,,,,,,,,,,,,,,,,,,,,,,,,,,,,,,,,,,,,,,,,,,,,,,,,,,,,,,,,,,,,,,,,,,,,,,,,,,,,,,,,,,,,,,,,,,,,,,,,,,,,,,,,,,,,,,,,,,,,,,,,,,,,,,,,,,,,,,,,,,,,,,,,,,,,,,,,,,,,,,,,,,,,,,,"","","","","",,,,,"",,,,
,"C8","21","2026-09-10 10:44:07","2026-09-10 10:44:07","","",,"",,,"/home/weili/dxl/etb.prj","etb.csv",3,,0,1.000,0.7397,0.6005,-3,"ligprep_etb",,,,,,,,,,,,,,,,,,,,,,,,,,,,,,,,,,,,,,,,,,,,,,,,,,,,,,,,,,,,,,,,,,,,,,,,,,,,,,,,,,,,,,,,,,,,,,,,,,,,,,,,,,,,,,,,,,,,,,,,,,,,,,,,,,,,,,,,,,,,,,,,,,,,,,,,,,,,,,,,,,,,,,,,,,,,,,,,,,,,,,,,,,,,,,,,,,,,,,,,,,,,,,,,,,,,,,,,,,,,,,,,,,,,,,,,,,,,,,,,,,,,,,,,,,,,,,,,,,,,,,,,,,,,,,,,,,,,,,,,,,"","","","","",,,,,"",,,,
,"C9","22","2026-09-10 10:44:07","2026-09-10 10:44:07","","",,"",,,"/home/weili/dxl/etb.prj","etb.csv",4,,0,1.000,0.0835,0.0898,-1,"ligprep_etb",,,,,,,,,,,,,,,,,,,,,,,,,,,,,,,,,,,,,,,,,,,,,,,,,,,,,,,,,,,,,,,,,,,,,,,,,,,,,,,,,,,,,,,,,,,,,,,,,,,,,,,,,,,,,,,,,,,,,,,,,,,,,,,,,,,,,,,,,,,,,,,,,,,,,,,,,,,,,,,,,,,,,,,,,,,,,,,,,,,,,,,,,,,,,,,,,,,,,,,,,,,,,,,,,,,,,,,,,,,,,,,,,,,,,,,,,,,,,,,,,,,,,,,,,,,,,,,,,,,,,,,,,,,,,,,,,,,,,,,,,,"","","","","",,,,,"",,,,
,"C9","23","2026-09-10 10:44:07","2026-09-10 10:44:07","","",,"",,,"/home/weili/dxl/etb.prj","etb.csv",4,,0,1.000,1.3377,1.2851,0,"ligprep_etb",,,,,,,,,,,,,,,,,,,,,,,,,,,,,,,,,,,,,,,,,,,,,,,,,,,,,,,,,,,,,,,,,,,,,,,,,,,,,,,,,,,,,,,,,,,,,,,,,,,,,,,,,,,,,,,,,,,,,,,,,,,,,,,,,,,,,,,,,,,,,,,,,,,,,,,,,,,,,,,,,,,,,,,,,,,,,,,,,,,,,,,,,,,,,,,,,,,,,,,,,,,,,,,,,,,,,,,,,,,,,,,,,,,,,,,,,,,,,,,,,,,,,,,,,,,,,,,,,,,,,,,,,,,,,,,,,,,,,,,,,,"","","","","",,,,,"",,,,
,"C9","24","2026-09-10 10:44:07","2026-09-10 10:44:07","","",,"",,,"/home/weili/dxl/etb.prj","etb.csv",4,,0,,0.9504,2.1553,-1,"ligprep_etb",,,,,,,,,,,,,,,,,,,,,,,,,,,,,,,,,,,,,,,,,,,,,,,,,,,,,,,,,,,,,,,,,,,,,,,,,,,,,,,,,,,,,,,,,,,,,,,,,,,,,,,,,,,,,,,,,,,,,,,,,,,,,,,,,,,,,,,,,,,,,,,,,,,,,,,,,,,,,,,,,,,,,,,,,,,,,,,,,,,,,,,,,,,,,,,,,,,,,,,,,,,,,,,,,,,,,,,,,,,,,,,,,,,,,,,,,,,,,,,,,,,,,,,,,,,,,,,,,,,,,,,,,,,,,,,,,,,,,,,,,,"","","","","",,,,,"",,,,
,"C1","25","2026-09-10 10:44:07","2026-09-10 10:44:07","","",,"",,,"/home/weili/dxl/etb.prj","etb.csv",5,,0,1.000,0.0913,0.0392,0,"ligprep_etb",,,,,,,,,,,,,,,,,,,,,,,,,,,,,,,,,,,,,,,,,,,,,,,,,,,,,,,,,,,,,,,,,,,,,,,,,,,,,,,,,,,,,,,,,,,,,,,,,,,,,,,,,,,,,,,,,,,,,,,,,,,,,,,,,,,,,,,,,,,,,,,,,,,,,,,,,,,,,,,,,,,,,,,,,,,,,,,,,,,,,,,,,,,,,,,,,,,,,,,,,,,,,,,,,,,,,,,,,,,,,,,,,,,,,,,,,,,,,,,,,,,,,,,,,,,,,,,,,,,,,,,,,,,,,,,,,,,,,,,,,,"","","","","",,,,,"",,,,
,"C1","26","2026-09-10 10:44:07","2026-09-10 10:44:07","","",,"",,,"/home/weili/dxl/etb.prj","etb.csv",5,,0,1.000,1.1792,1.6583,-1,"ligprep_etb",,,,,,,,,,,,,,,,,,,,,,,,,,,,,,,,,,,,,,,,,,,,,,,,,,,,,,,,,,,,,,,,,,,,,,,,,,,,,,,,,,,,,,,,,,,,,,,,,,,,,,,,,,,,,,,,,,,,,,,,,,,,,,,,,,,,,,,,,,,,,,,,,,,,,,,,,,,,,,,,,,,,,,,,,,,,,,,,,,,,,,,,,,,,,,,,,,,,,,,,,,,,,,,,,,,,,,,,,,,,,,,,,,,,,,,,,,,,,,,,,,,,,,,,,,,,,,,,,,,,,,,,,,,,,,,,,,,,,,,,,,"","","","","",,,,,"",,,,
,"5XPR - minimized","28","2026-09-10 11:30:17","2026-09-10 14:09:58","HUMAN ENDOTHELIN RECEPTOR TYPE-B IN COMPLEX WITH ANTAGONIST BOSENTAN","5XPR",3.600,"X-RAY DIFFRACTION",100.000,6.000,"/home/weili/dxl/AR","5xpr.pdb",1,true,,,,,,"glide-dock_XP_etb",-960.713,,,,,,,,,,,,,,,,,,,,,,,,,,,,,,,,,,,,,,,,,,,,,,,,,,,,,,,,,,,,,,,,,,,,,,,,,,,,,,,,,,,,,,,,,,,,,,,,,,,,,,,,,,,,,,,,,,,,,,,,,,,,,,,,,,,,,,,,,,,,,,,,,,,,,,,,,,,,,,,,,,,,,,,,,,,,,,,,,,,,,,,,,,,,,,,,,,,,,,,,,,,,,,,,,,,,,,,,,,,,,,,,,,,,,,,,,,,,,,,,,,,,,,,,,,,,,,,,,,,,,,,,,,,,,,,,,,,,,,,,,"","","","","",,,,,"",,,,
,"C1","31","2026-09-10 11:30:18","2026-09-10 14:09:58","","",,"",,,"/home/weili/dxl/etb.prj","etb.csv",5,,0,1.000,1.1792,1.6583,-1,"glide-dock_XP_etb",,-6.865,-8.523,-8.523,-92.063,-0.046,-18.002,0.000,8.041,-18.048,-0.049,-0.337,0.000,5.706,-0.386,-0.173,-0.698,0.000,6.449,-0.872,-0.671,-0.340,0.000,2.176,-1.012,-0.791,-0.741,0.000,3.645,-1.532,-0.095,-0.538,0.000,6.139,-0.633,-0.162,-0.064,0.000,5.145,-0.226,-2.852,-0.279,0.000,2.334,-3.132,-0.190,-0.160,0.000,5.671,-0.350,-0.046,0.127,0.000,7.907,0.082,-0.111,0.260,0.000,7.559,0.149,-0.218,19.978,0.000,5.833,19.760,-1.536,-48.355,0.000,1.900,-49.891,-0.069,-0.490,0.000,6.797,-0.558,-2.083,0.845,0.000,2.454,-1.238,-2.693,0.128,0.000,2.024,-2.565,-2.514,0.503,0.000,2.763,-2.011,-0.055,0.137,0.000,7.982,0.081,-1.436,-0.125,0.000,3.148,-1.561,-0.289,-0.253,0.000,4.700,-0.541,-4.075,-1.380,0.000,2.550,-5.454,-0.311,24.042,0.000,5.481,23.731,-1.173,-41.462,0.000,3.381,-42.636,-0.083,0.101,0.000,6.737,0.018,-0.293,-0.435,0.000,3.697,-0.728,-1.135,-0.685,0.000,2.314,-1.820,-1.287,0.936,0.000,2.564,-0.350,-2.369,-0.662,0.000,2.126,-3.031,-0.032,0.163,0.000,8.493,0.131,-0.528,28.774,0.000,5.139,28.246,-0.050,0.445,0.000,8.044,0.395,-0.059,-0.277,0.000,5.889,-0.336,-1.391,-0.763,0.000,2.201,-2.154,-0.082,-0.593,0.000,6.740,-0.675,-0.059,-0.005,0.000,6.740,-0.064,-1.922,-46.934,0.000,1.927,-48.856,-5.084,-1.719,0.000,2.074,-6.803,-0.104,-0.002,0.000,6.868,-0.106,-0.140,0.252,0.000,5.458,0.112,-2.864,-0.056,0.000,2.258,-2.920,-1.374,-0.217,0.000,2.178,-1.591,-0.081,0.287,0.000,7.178,0.206,-0.080,-9.194,0.000,7.482,-9.275,-0.717,1.478,0.000,4.506,0.761,-1.122,-0.074,0.000,2.495,-1.196,-0.058,-0.087,0.000,7.687,-0.145,-1.462,-15.346,0.000,2.448,-16.808,-0.096,0.084,0.000,6.434,-0.012,-2.904,0.473,0.000,2.355,-2.431,-0.432,-0.122,0.000,3.014,-0.554,-0.106,0.174,0.000,5.579,0.068,-1.812,10.414,0.000,2.361,8.602,-0.236,-0.139,0.000,5.101,-0.375,-0.974,1.340,0.000,2.463,0.367,-0.052,-0.607,0.000,6.821,-0.658,,"","","","","",,,,,"",,,,
,"C1","29","2026-09-10 11:30:18","2026-09-10 14:09:58","","",,"",,,"/home/weili/dxl/etb.prj","etb.csv",5,,0,1.000,0.0913,0.0392,0,"glide-dock_XP_etb",,-8.128,-8.168,-8.168,-88.755,-0.042,-3.865,0.000,8.283,-3.907,-0.050,-0.037,0.000,6.045,-0.086,-0.174,-0.332,0.000,6.382,-0.506,-0.653,-0.040,0.000,2.721,-0.694,-0.505,0.411,0.000,2.024,-0.094,-0.127,-0.063,0.000,5.111,-0.190,-0.181,-0.202,0.000,4.980,-0.383,-3.021,-0.023,0.000,2.151,-3.044,-0.263,-0.282,0.000,3.881,-0.545,-0.049,-0.164,0.000,6.850,-0.213,-0.115,-0.286,0.000,6.943,-0.401,-0.205,1.698,0.000,6.081,1.493,-3.395,-22.093,0.000,2.098,-25.488,-0.062,-0.093,0.000,7.005,-0.155,-2.062,0.364,0.000,2.554,-1.697,-2.950,0.331,0.000,2.061,-2.619,-3.076,0.118,0.000,2.775,-2.957,-0.065,-0.139,0.000,6.494,-0.204,-1.523,0.152,0.000,3.119,-1.371,-0.277,-0.177,0.000,4.728,-0.454,-3.987,-0.922,0.000,2.561,-4.909,-0.278,8.702,0.000,5.549,8.424,-0.998,-17.826,0.000,3.522,-18.825,-0.077,0.162,0.000,6.808,0.085,-0.187,-0.213,0.000,5.728,-0.400,-0.613,-0.174,0.000,3.608,-0.787,-1.181,0.070,0.000,2.475,-1.111,-1.363,-0.160,0.000,3.662,-1.522,-0.029,-0.068,0.000,8.260,-0.096,-0.443,9.320,0.000,5.211,8.878,-0.048,0.080,0.000,7.853,0.031,-0.068,0.012,0.000,5.634,-0.056,-1.451,-0.098,0.000,2.066,-1.550,-0.089,0.329,0.000,6.549,0.240,-0.063,0.237,0.000,6.520,0.174,-2.353,-23.076,0.000,1.968,-25.429,-5.041,1.579,0.000,2.006,-3.462,-0.099,0.442,0.000,7.281,0.343,-0.119,0.271,0.000,6.061,0.152,-1.936,0.445,0.000,2.406,-1.490,-1.387,0.534,0.000,2.090,-0.853,-0.084,0.139,0.000,6.162,0.054,-0.089,0.185,0.000,6.071,0.096,-1.098,-0.402,0.000,2.867,-1.500,-1.287,0.175,0.000,3.443,-1.111,-0.072,0.170,0.000,7.385,0.098,-1.599,5.706,0.000,2.350,4.107,-0.103,-0.146,0.000,6.512,-0.249,-2.991,-3.353,0.000,2.556,-6.344,-0.336,0.316,0.000,4.745,-0.020,-0.096,-0.383,0.000,6.604,-0.479,-1.300,-6.339,0.000,2.292,-7.639,-0.227,-0.397,0.000,5.441,-0.624,-0.908,-0.418,0.000,3.338,-1.327,-0.052,0.517,0.000,7.649,0.465,,"","","","","",,,,,"",,,,
,"C8","30","2026-09-10 11:30:18","2026-09-10 14:09:49","","",,"",,,"/home/weili/dxl/etb.prj","etb.csv",3,,0,1.000,0.7397,0.6005,-3,"glide-dock_XP_etb",,-7.682,-8.283,-8.283,-66.920,-0.059,-45.569,0.000,6.956,-45.628,-0.042,-0.673,0.000,6.800,-0.715,-0.176,-1.422,0.000,6.085,-1.598,-0.261,-1.526,0.000,4.080,-1.787,-0.422,-1.613,0.000,3.759,-2.036,-0.067,-1.026,0.000,7.220,-1.093,-0.114,0.284,0.000,5.973,0.170,-2.479,-0.909,0.000,2.031,-3.389,-0.144,-0.587,0.000,5.860,-0.731,-0.042,0.555,0.000,8.453,0.514,-0.137,1.031,0.000,6.725,0.894,-0.291,55.743,0.000,5.111,55.452,1.877,-93.166,-0.006,1.913,-91.296,-0.049,-1.077,0.000,7.065,-1.126,-0.685,1.680,0.000,2.297,0.996,-2.784,-0.073,0.000,2.696,-2.857,-2.185,0.482,0.000,2.651,-1.702,-0.044,0.569,0.000,8.309,0.525,-2.033,-0.488,0.000,2.229,-2.521,-0.240,-0.434,0.000,4.308,-0.674,-3.213,-2.147,0.000,2.382,-5.360,-0.207,50.314,0.000,6.091,50.107,-1.090,-82.803,-0.011,2.479,-83.905,-0.087,-0.234,0.000,7.241,-0.321,-0.809,-0.699,0.000,3.844,-1.508,-2.758,-4.494,0.000,2.654,-7.252,-2.083,4.794,0.000,2.387,2.711,-2.864,-2.129,0.000,2.096,-4.993,-0.036,0.712,0.000,8.533,0.676,-0.559,63.299,0.000,4.609,62.740,-0.055,1.190,0.000,7.474,1.134,-0.079,-0.929,0.000,4.841,-1.008,-1.695,-1.915,0.000,2.382,-3.611,-0.099,-2.652,0.000,6.384,-2.752,-0.071,-0.696,0.000,6.309,-0.767,-3.576,-83.853,0.000,2.266,-87.429,-1.687,-15.208,0.000,2.183,-16.895,-0.113,-1.106,0.000,7.424,-1.219,-0.141,0.331,0.000,6.434,0.190,-2.384,-1.020,0.000,2.937,-3.405,-0.633,-0.979,0.000,4.230,-1.612,-0.062,0.699,0.000,8.287,0.637,-0.073,-28.691,0.000,7.185,-28.765,-0.688,4.424,0.000,3.584,3.736,-0.516,-1.068,0.000,3.719,-1.584,-0.069,-0.335,0.000,7.306,-0.404,-1.703,-67.936,0.000,2.671,-69.639,-0.101,0.406,0.000,5.866,0.305,1.738,4.735,0.000,2.388,6.473,-0.155,-0.831,0.000,6.212,-0.986,-0.115,1.185,0.000,6.087,1.071,-2.089,48.775,0.000,2.421,46.685,-0.270,0.259,0.000,4.840,-0.011,-1.030,3.887,0.000,2.785,2.856,-0.061,-2.550,0.000,6.343,-2.610,,"","","","","",,,,,"",,,,
,"C8","32","2026-09-10 11:30:18","2026-09-10 14:09:49","","",,"",,,"/home/weili/dxl/etb.prj","etb.csv",3,,0,1.000,0.2774,0.2671,-2,"glide-dock_XP_etb",,-6.777,-7.044,-7.044,-75.055,-0.051,-31.801,0.000,7.548,-31.852,-0.034,-0.763,0.000,7.712,-0.797,-0.257,-1.103,0.000,5.996,-1.360,-0.279,-1.812,0.000,3.600,-2.092,-0.299,-1.994,0.000,5.117,-2.294,-0.074,-1.120,0.000,8.028,-1.194,-0.261,0.356,0.000,5.363,0.095,-3.347,-1.142,0.000,2.664,-4.489,-0.159,-0.516,0.000,6.438,-0.674,-0.059,0.692,0.000,8.951,0.633,-0.276,1.434,0.000,6.576,1.158,-0.331,47.399,0.000,5.331,47.069,-1.715,-70.834,0.000,2.285,-72.549,-0.091,-1.134,0.000,5.510,-1.225,-1.098,-1.676,-1.000,1.959,-3.774,-3.410,-0.395,0.000,2.403,-3.804,-3.002,0.262,0.000,2.668,-2.740,-0.053,0.711,0.000,8.283,0.658,-2.274,-0.250,0.000,2.647,-2.524,-0.530,-0.253,0.000,3.732,-0.783,-4.080,-2.260,0.000,1.932,-6.340,-0.357,36.403,0.000,4.206,36.046,-0.897,-53.842,0.000,2.776,-54.739,-0.097,0.154,0.000,6.504,0.056,-0.234,-0.554,0.000,4.871,-0.788,-0.222,-1.461,0.000,4.057,-1.684,-0.196,0.913,0.000,4.926,0.718,-1.347,-1.125,0.000,2.073,-2.473,-0.034,0.117,0.000,7.625,0.083,-0.775,44.179,0.000,4.072,43.404,-0.071,0.589,0.000,7.369,0.517,-0.125,-0.741,0.000,4.414,-0.866,-1.418,-1.786,0.000,1.999,-3.203,-0.117,-1.931,0.000,6.126,-2.049,-0.099,-0.183,0.000,6.242,-0.282,-3.230,-84.604,-0.483,2.038,-88.316,-3.310,-8.435,-1.031,2.021,-12.777,-0.108,-0.225,0.000,6.513,-0.333,-0.163,0.761,0.000,5.083,0.598,-1.950,0.981,0.000,1.979,-0.970,-0.735,0.376,0.000,3.015,-0.359,-0.059,0.654,0.000,6.707,0.595,-0.059,-16.910,0.000,6.988,-16.968,-0.220,1.888,0.000,4.913,1.668,-0.135,-0.600,0.000,5.236,-0.736,-0.850,-0.476,0.000,2.015,-1.326,-0.361,-31.567,0.000,5.054,-31.929,-1.598,0.200,0.000,2.392,-1.399,-3.800,3.080,0.000,3.105,-0.719,-0.185,-0.723,0.000,5.770,-0.908,-0.387,0.789,0.000,4.153,0.402,-1.794,40.490,0.000,2.694,38.695,-0.181,-0.220,0.000,5.896,-0.401,-0.400,3.235,0.000,4.889,2.836,-0.966,-2.303,0.000,3.078,-3.269,,"","","","","",,,,,"",,,,
,"C7","33","2026-09-10 11:30:18","2026-09-10 14:09:58","","",,"",,,"/home/weili/dxl/etb.prj","etb.csv",2,,0,,0.0031,0.0022,-1,"glide-dock_XP_etb",,-6.601,-6.604,-6.604,-90.104,-0.034,-19.246,0.000,7.813,-19.280,-0.052,-0.241,0.000,6.034,-0.294,-0.045,-0.899,0.000,7.611,-0.944,-0.938,-0.547,0.000,2.209,-1.486,-0.245,-0.479,0.000,4.417,-0.724,-0.108,-0.484,0.000,6.666,-0.592,-1.407,-0.262,0.000,3.261,-1.669,-4.498,-0.899,0.000,2.090,-5.397,-0.120,-0.401,0.000,6.197,-0.522,-0.088,0.115,0.000,8.051,0.028,-0.620,0.394,0.000,4.508,-0.226,-0.184,20.836,0.000,6.686,20.651,0.432,-50.454,0.000,1.884,-50.022,-0.021,-0.398,0.000,9.180,-0.419,-0.054,1.349,0.000,9.059,1.295,-0.399,0.277,0.000,3.502,-0.122,-0.223,0.363,0.000,4.595,0.140,-0.025,0.143,0.000,8.865,0.118,-0.059,-0.149,0.000,8.640,-0.209,-0.020,-0.320,0.000,9.373,-0.340,-0.794,-1.438,0.000,3.265,-2.232,-0.120,25.500,0.000,6.051,25.380,-1.271,-55.120,0.000,2.126,-56.391,-0.080,-0.091,0.000,6.322,-0.171,-0.360,-0.559,0.000,4.813,-0.919,-0.671,-1.290,0.000,3.030,-1.961,-0.708,0.975,0.000,2.836,0.266,-2.229,-1.067,0.000,2.026,-3.296,-0.038,0.141,0.000,7.119,0.103,-1.196,33.715,0.000,3.237,32.519,-0.043,0.474,0.000,7.079,0.431,-0.010,-0.334,0.000,9.708,-0.344,-0.106,-0.723,0.000,5.841,-0.829,-0.045,-0.665,0.000,7.407,-0.710,-0.032,-0.074,0.000,7.236,-0.107,-2.475,-41.939,0.000,2.131,-44.415,-1.848,-6.039,-1.000,1.850,-8.887,-0.127,-0.044,0.000,6.575,-0.172,-0.183,0.382,0.000,5.107,0.199,-3.092,0.443,0.000,2.066,-2.650,-1.272,0.553,0.000,2.998,-0.718,-0.078,0.390,0.000,7.090,0.313,-0.070,-9.167,0.000,7.402,-9.237,-0.363,0.983,0.000,4.697,0.620,-0.478,-0.088,0.000,3.752,-0.566,-2.245,-0.319,0.000,2.649,-2.564,-3.269,-15.172,0.000,2.061,-18.441,-1.582,0.194,0.000,3.598,-1.387,-7.415,0.744,0.000,2.222,-6.671,-0.431,0.050,0.000,4.705,-0.381,-0.916,0.225,0.000,3.450,-0.691,-1.903,5.371,-0.064,2.229,3.404,-0.371,-0.162,0.000,4.656,-0.533,-0.536,0.952,0.000,3.646,0.416,-1.965,-1.515,0.000,1.815,-3.480,,"","","","","",,,,,"",,,,
,"C2","34","2026-09-10 11:30:18","2026-09-10 14:09:58","","",,"",,,"/home/weili/dxl/etb.prj","etb.csv",1,,0,1.000,1.2296,1.7168,-1,"glide-dock_XP_etb",,-6.183,-7.900,-7.900,-96.096,-0.036,-17.437,0.000,8.135,-17.474,-0.053,-0.375,0.000,5.669,-0.428,-0.160,-0.736,0.000,6.212,-0.896,-0.663,-0.343,0.000,2.100,-1.006,-0.828,-0.752,0.000,3.607,-1.580,-0.094,-0.516,0.000,6.113,-0.610,-0.165,0.023,0.000,5.085,-0.142,-2.786,-0.116,0.000,2.441,-2.901,-0.177,-0.033,0.000,5.629,-0.210,-0.044,0.164,0.000,7.880,0.120,-0.115,0.252,0.000,7.668,0.136,-0.183,19.264,0.000,6.050,19.081,-0.341,-47.436,0.000,1.927,-47.777,-0.042,-0.426,0.000,7.310,-0.469,-1.344,0.941,0.000,2.642,-0.403,-1.596,-0.053,0.000,1.998,-1.650,-2.428,0.218,0.000,2.770,-2.210,-0.052,0.095,0.000,7.937,0.043,-1.492,-0.062,0.000,3.171,-1.554,-0.197,-0.143,0.000,4.633,-0.340,-3.104,-1.235,0.000,2.534,-4.339,-0.210,23.553,0.000,5.715,23.343,-1.107,-41.799,0.000,3.389,-42.905,-0.079,0.088,0.000,6.568,0.009,-0.150,-0.495,0.000,6.552,-0.645,-0.178,-1.018,0.000,5.374,-1.196,-0.485,0.327,0.000,3.920,-0.158,-1.043,-0.780,0.000,3.336,-1.823,-0.032,0.036,0.000,8.011,0.004,-0.528,30.459,0.000,4.966,29.930,-0.053,0.411,0.000,8.017,0.358,-0.067,-0.342,0.000,5.737,-0.409,-1.318,-0.998,0.000,1.990,-2.316,-0.094,-0.781,0.000,6.570,-0.875,-0.066,0.021,0.000,6.655,-0.045,-1.046,-55.485,0.000,1.838,-56.532,-5.803,-3.979,0.000,2.145,-9.782,-0.128,0.073,0.000,6.612,-0.054,-0.160,0.582,0.000,5.637,0.422,-3.291,0.655,0.000,2.083,-2.637,-2.260,0.546,0.000,2.145,-1.715,-0.113,0.457,0.000,5.647,0.343,-0.110,-8.839,0.000,5.410,-8.948,-1.198,0.744,0.000,2.365,-0.454,-1.011,-0.414,0.000,2.452,-1.424,-0.093,-0.112,0.000,6.352,-0.206,-1.382,-13.479,0.000,2.086,-14.861,-0.150,0.005,0.000,6.037,-0.146,-4.816,0.911,0.000,2.614,-3.904,-0.567,-0.311,0.000,4.164,-0.878,-0.129,0.176,0.000,5.524,0.046,-2.045,11.633,0.000,2.403,9.588,-0.310,-0.146,0.000,5.322,-0.457,-1.102,1.749,0.000,2.314,0.646,-0.061,-0.468,0.000,6.734,-0.529,,"","","","","",,,,,"",,,,
,"C2","35","2026-09-10 11:30:18","2026-09-10 11:32:09","","",,"",,,"/home/weili/dxl/etb.prj","etb.csv",1,,0,1.000,0.0834,0.0355,0,"glide-dock_XP_etb",,-4.432,-4.467,-4.467,-80.255,-0.041,-4.973,0.000,8.085,-5.015,-0.052,-0.174,0.000,5.593,-0.226,-0.167,-0.330,0.000,6.176,-0.496,-0.677,0.184,0.000,2.252,-0.493,-0.817,-0.313,0.000,3.590,-1.130,-0.090,-0.289,0.000,6.278,-0.379,-0.145,-0.365,0.000,5.337,-0.510,-2.373,-0.045,0.000,2.813,-2.418,-0.172,-0.041,0.000,5.626,-0.213,-0.041,-0.114,0.000,8.139,-0.156,-0.104,-0.230,0.000,7.988,-0.334,-0.186,3.574,0.000,5.805,3.388,-0.606,-26.094,0.000,1.913,-26.700,-0.046,-0.069,0.000,7.119,-0.115,-1.375,0.310,0.000,2.488,-1.066,0.365,0.116,0.000,1.848,0.481,-2.403,0.197,0.000,2.716,-2.206,-0.051,-0.055,0.000,7.954,-0.106,-1.398,0.075,0.000,2.944,-1.324,-0.230,-0.105,0.000,4.410,-0.335,-3.419,-0.630,0.000,2.273,-4.049,-0.234,9.524,0.000,5.499,9.290,-1.235,-21.891,0.000,3.163,-23.126,-0.084,0.149,0.000,6.512,0.065,-0.367,-0.326,0.000,3.623,-0.694,-0.764,-0.426,0.000,1.854,-1.190,-1.462,-0.763,0.000,2.664,-2.225,-2.038,-0.335,0.000,2.930,-2.373,-0.029,-0.061,0.000,8.774,-0.091,-0.551,10.759,0.000,4.860,10.208,-0.049,0.079,0.000,8.153,0.030,-0.053,0.063,0.000,5.971,0.010,-1.255,-0.098,0.000,2.311,-1.353,-0.080,0.570,0.000,6.966,0.490,-0.057,0.342,0.000,6.901,0.285,-1.321,-23.653,0.000,2.038,-24.973,-4.867,5.051,0.000,2.239,0.184,-0.101,0.615,0.000,7.356,0.515,-0.124,0.237,0.000,5.980,0.113,-2.152,0.548,0.000,2.398,-1.604,-1.381,0.298,0.000,2.728,-1.083,-0.068,0.071,0.000,7.423,0.003,-0.066,0.440,0.000,7.727,0.374,-0.470,-0.404,0.000,5.251,-0.874,-0.699,0.495,0.000,1.904,-0.204,-0.076,0.166,0.000,5.941,0.090,-2.006,7.955,0.000,2.021,5.949,-0.120,-0.040,0.000,5.373,-0.161,-3.991,-3.421,0.000,2.285,-7.412,-0.619,0.381,0.000,2.099,-0.238,-0.112,-0.430,0.000,5.471,-0.542,-1.834,-11.691,0.000,2.318,-13.525,-0.245,-0.348,0.000,5.596,-0.593,-1.122,-0.303,0.000,2.140,-1.425,-0.048,0.310,0.000,7.244,0.262,,"","","","","",,,,,"",,,,
,"C9","36","2026-09-10 11:30:18","2026-09-10 14:09:58","","",,"",,,"/home/weili/dxl/etb.prj","etb.csv",4,,0,1.000,0.0835,0.0898,-1,"glide-dock_XP_etb",,-4.421,-4.511,-4.511,-77.132,-0.055,-14.917,0.000,7.824,-14.972,-0.036,-0.879,0.000,7.786,-0.916,-0.247,-0.294,0.000,5.746,-0.541,-0.185,-1.142,0.000,4.834,-1.327,-0.608,-1.999,0.000,3.751,-2.607,-0.077,-0.982,0.000,7.874,-1.059,-0.101,0.420,0.000,6.811,0.319,-2.057,0.702,0.000,3.201,-1.354,-0.177,0.667,0.000,6.193,0.490,-0.044,0.487,0.000,9.138,0.443,-0.118,0.740,0.000,8.211,0.622,-0.266,22.161,0.000,5.297,21.895,-3.581,-33.001,0.000,2.435,-36.582,-0.077,-0.932,0.000,6.311,-1.009,-0.759,0.333,0.000,2.217,-0.426,-3.123,-1.271,0.000,2.604,-4.394,-3.149,-0.269,0.000,2.685,-3.418,-0.059,0.395,0.000,8.007,0.336,-2.537,-0.536,0.000,2.287,-3.074,-0.395,-0.013,0.000,4.043,-0.408,-3.723,-0.812,0.000,2.069,-4.535,-0.308,18.316,0.000,5.271,18.008,-1.316,-23.757,0.000,2.948,-25.073,-0.097,0.267,0.000,7.169,0.170,-0.444,-0.203,0.000,4.497,-0.647,-1.039,-0.435,0.000,3.087,-1.473,-1.445,0.586,0.000,2.677,-0.859,-2.622,-0.495,0.000,2.690,-3.117,-0.031,-0.083,0.000,8.313,-0.114,-0.589,19.631,0.000,4.921,19.042,-0.065,0.152,0.000,6.859,0.087,-0.118,-0.158,0.000,4.663,-0.276,-1.756,-1.243,0.000,2.332,-2.999,-0.117,-0.866,0.000,5.875,-0.983,-0.097,0.069,0.000,5.513,-0.028,-3.052,-37.858,0.000,2.004,-40.910,-4.719,3.145,0.000,2.078,-1.574,-0.088,0.204,0.000,6.952,0.116,-0.114,0.596,0.000,6.622,0.482,-1.722,0.952,0.000,2.184,-0.770,-0.406,0.794,0.000,3.913,0.388,-0.049,0.438,0.000,7.587,0.388,-0.066,-7.268,0.000,6.298,-7.334,-0.874,0.288,0.000,2.952,-0.586,-0.498,-0.243,0.000,3.431,-0.741,-0.048,-0.240,0.000,7.184,-0.289,-0.623,-10.772,0.000,3.056,-11.395,-0.075,-0.136,0.000,6.266,-0.211,-1.490,1.560,0.000,2.986,0.070,-0.109,-0.367,0.000,5.151,-0.475,-0.073,0.067,0.000,6.469,-0.006,-0.901,20.536,0.000,2.309,19.635,-0.137,-0.592,0.000,6.869,-0.729,-0.646,3.324,0.000,3.867,2.678,-0.050,-0.384,0.000,6.953,-0.434,,"","","","","",,,,,"",,,,
,"C9","37","2026-09-10 11:30:18","2026-09-10 11:32:09","","",,"",,,"/home/weili/dxl/etb.prj","etb.csv",4,,0,1.000,1.3377,1.2851,0,"glide-dock_XP_etb",,-3.471,-4.756,-4.756,-76.790,-0.038,-0.713,0.000,8.153,-0.750,-0.059,0.163,0.000,5.965,0.104,-0.127,-0.157,0.000,6.525,-0.284,-0.785,0.298,0.000,2.950,-0.487,-1.274,0.331,0.000,2.274,-0.944,-0.137,0.079,0.000,6.021,-0.058,-0.297,-0.117,0.000,5.543,-0.414,-5.522,-0.465,0.000,2.175,-5.987,-0.276,-0.161,0.000,4.973,-0.437,-0.076,-0.084,0.000,7.976,-0.159,-0.523,-0.117,0.000,4.756,-0.640,-0.291,-0.840,0.000,5.860,-1.131,-2.006,-3.930,0.000,2.059,-5.936,-0.052,0.144,0.000,7.269,0.092,-1.464,0.845,0.000,2.678,-0.619,-2.787,0.155,0.000,2.230,-2.632,-2.582,-0.338,0.000,2.348,-2.920,-0.065,-0.027,0.000,6.795,-0.092,-1.208,0.157,0.000,2.033,-1.051,-0.209,-0.071,0.000,5.023,-0.280,-2.231,-0.276,0.000,2.596,-2.507,-0.182,0.900,0.000,5.434,0.718,-0.419,-4.404,0.000,4.238,-4.823,-0.048,-0.103,0.000,8.062,-0.151,-0.063,-0.066,0.000,7.696,-0.129,-0.070,-0.192,0.000,7.174,-0.263,-0.089,0.139,0.000,6.166,0.050,-0.195,-0.121,0.000,5.900,-0.316,-0.012,0.080,0.000,10.865,0.068,-0.217,2.292,0.000,6.765,2.075,-0.030,0.102,0.000,8.453,0.072,-0.041,-0.057,0.000,6.223,-0.098,-1.028,0.228,0.000,2.367,-0.800,-0.065,-0.028,0.000,7.664,-0.092,-0.041,-0.116,0.000,7.643,-0.157,-1.656,-0.917,0.000,2.263,-2.573,-2.783,-2.532,0.000,1.631,-5.315,-0.061,-0.164,0.000,8.460,-0.226,-0.058,-0.109,0.000,8.273,-0.167,-0.369,-0.274,0.000,5.225,-0.642,-0.260,-0.263,0.000,4.872,-0.523,-0.025,-0.026,0.000,9.902,-0.051,-0.020,-0.623,0.000,10.489,-0.643,-0.060,0.275,0.000,7.142,0.215,-0.168,-0.037,0.000,4.434,-0.206,-1.784,-0.108,0.000,2.494,-1.892,-1.968,-1.589,0.000,2.285,-3.557,-0.715,0.184,0.000,4.691,-0.532,-6.092,-0.806,0.000,2.711,-6.899,-0.302,-0.045,0.000,5.156,-0.347,-0.219,0.104,0.000,5.590,-0.115,-0.345,-11.077,-0.500,1.723,-11.922,-0.194,0.255,0.000,6.377,0.061,-1.010,-0.053,0.000,2.714,-1.063,-0.661,0.078,0.000,2.359,-0.583,,"","","","","",,,,,"",,,,
,"C9","38","2026-09-10 11:30:18","2026-09-10 11:32:09","","",,"",,,"/home/weili/dxl/etb.prj","etb.csv",4,,0,,0.9504,2.1553,-1,"glide-dock_XP_etb",,-2.319,-4.475,-4.475,-72.572,-0.036,-17.532,0.000,8.551,-17.568,-0.043,-0.602,0.000,7.559,-0.644,-0.227,-0.408,0.000,5.878,-0.635,-0.257,-0.848,0.000,4.011,-1.106,-0.686,-1.386,0.000,3.574,-2.072,-0.083,-1.021,0.000,7.273,-1.103,-0.120,-0.076,0.000,6.247,-0.196,-2.189,0.026,0.000,2.611,-2.163,-0.179,-0.244,0.000,5.864,-0.423,-0.043,0.203,0.000,8.590,0.160,-0.107,0.538,0.000,7.972,0.430,-0.218,27.482,0.000,5.626,27.265,-1.942,-41.542,0.000,2.853,-43.484,-0.064,-1.225,0.000,6.566,-1.288,-1.503,1.420,0.000,2.300,-0.083,-3.178,-0.129,0.000,2.286,-3.307,-3.113,0.821,0.000,1.803,-2.292,-0.060,0.393,0.000,7.551,0.333,-2.030,-0.499,0.000,2.267,-2.528,-0.328,-0.198,0.000,4.289,-0.526,-4.005,-1.509,0.000,2.224,-5.513,-0.225,21.813,0.000,5.472,21.588,-0.570,-25.636,0.000,3.528,-26.206,-0.083,0.325,0.000,7.679,0.241,-0.233,-0.335,0.000,5.015,-0.568,-0.473,-0.657,0.000,3.457,-1.130,-1.550,-0.075,0.000,2.405,-1.626,-2.325,-0.232,0.000,2.325,-2.557,-0.036,-0.049,0.000,9.023,-0.085,-0.594,21.916,0.000,4.915,21.322,-0.075,0.264,0.000,6.660,0.189,-0.139,-0.197,0.000,4.561,-0.336,-1.389,-0.886,0.000,2.297,-2.275,-0.142,-0.716,0.000,5.655,-0.857,-0.116,0.004,0.000,5.282,-0.112,-3.294,-39.769,0.000,1.952,-43.063,-2.562,-2.560,0.000,1.979,-5.122,-0.131,0.065,0.000,6.813,-0.066,-0.174,0.534,0.000,6.155,0.360,-3.285,0.582,0.000,3.083,-2.702,-1.325,0.464,0.000,2.497,-0.861,-0.081,0.413,0.000,7.584,0.331,-0.084,-7.457,0.000,6.730,-7.541,-0.934,0.457,0.000,2.685,-0.478,-1.376,-0.435,0.000,2.647,-1.811,-0.060,-0.178,0.000,7.135,-0.238,-1.223,-9.513,0.000,1.988,-10.736,-0.106,-0.065,0.000,5.891,-0.171,-2.893,0.724,0.000,2.880,-2.169,-0.291,-0.249,0.000,3.899,-0.540,-0.103,0.082,0.000,6.137,-0.020,-0.783,15.969,0.000,2.398,15.185,-0.236,-0.409,0.000,5.776,-0.645,-0.806,2.007,0.000,3.758,1.201,-0.055,-0.426,0.000,6.738,-0.481,,"","","","","",,,,,"",,,,
0,"bosentan","40","2026-09-14 22:38:43","2026-09-14 22:38:43","HUMAN ENDOTHELIN RECEPTOR TYPE-B IN COMPLEX WITH ANTAGONIST BOSENTAN","5XPR",3.600,"X-RAY DIFFRACTION",100.000,6.000,"/home/weili/dxl/AR","5xpr.pdb",1,true,0,1.000,0.0005,0.0003,-1,"ligprep_etb_oben",-960.713,,,,,,,,,,,,,,,,,,,,,,,,,,,,,,,,,,,,,,,,,,,,,,,,,,,,,,,,,,,,,,,,,,,,,,,,,,,,,,,,,,,,,,,,,,,,,,,,,,,,,,,,,,,,,,,,,,,,,,,,,,,,,,,,,,,,,,,,,,,,,,,,,,,,,,,,,,,,,,,,,,,,,,,,,,,,,,,,,,,,,,,,,,,,,,,,,,,,,,,,,,,,,,,,,,,,,,,,,,,,,,,,,,,,,,,,,,,,,,,,,,,,,,,,,,,,,,,,,,,,,,,,,,,,,,,,,,,,,,,,,"","","","","",,,,,"",,,,
,"5XPR - minimized","41","2026-09-14 22:47:07","2026-09-14 23:10:39","HUMAN ENDOTHELIN RECEPTOR TYPE-B IN COMPLEX WITH ANTAGONIST BOSENTAN","5XPR",3.600,"X-RAY DIFFRACTION",100.000,6.000,"/home/weili/dxl/AR","5xpr.pdb",1,true,,,,,,"glide-dock_XP_etb_bosentan",-960.713,,,,,,,,,,,,,,,,,,,,,,,,,,,,,,,,,,,,,,,,,,,,,,,,,,,,,,,,,,,,,,,,,,,,,,,,,,,,,,,,,,,,,,,,,,,,,,,,,,,,,,,,,,,,,,,,,,,,,,,,,,,,,,,,,,,,,,,,,,,,,,,,,,,,,,,,,,,,,,,,,,,,,,,,,,,,,,,,,,,,,,,,,,,,,,,,,,,,,,,,,,,,,,,,,,,,,,,,,,,,,,,,,,,,,,,,,,,,,,,,,,,,,,,,,,,,,,,,,,,,,,,,,,,,,,,,,,,,,,,,,"","","","","",,,,,"",,,,
0,"bosentan","42","2026-09-14 22:47:07","2026-09-14 23:10:39","HUMAN ENDOTHELIN RECEPTOR TYPE-B IN COMPLEX WITH ANTAGONIST BOSENTAN","5XPR",3.600,"X-RAY DIFFRACTION",100.000,6.000,"/home/weili/dxl/AR","5xpr.pdb",1,true,0,1.000,0.0005,0.0003,-1,"glide-dock_XP_etb_bosentan",-960.713,-5.133,-5.134,-5.134,-93.304,-0.059,-17.413,0.000,7.779,-17.473,-0.047,-0.412,0.000,6.425,-0.458,-0.194,-0.894,0.000,6.167,-1.088,-0.507,-1.090,0.000,3.453,-1.597,-0.858,-0.869,0.000,2.449,-1.727,-0.097,-0.486,0.000,6.278,-0.582,-0.176,0.285,0.000,5.611,0.109,-4.092,0.137,0.000,2.585,-3.955,-0.206,-0.087,0.000,5.026,-0.293,-0.057,0.270,0.000,7.723,0.214,-0.246,0.393,0.000,6.837,0.146,-0.313,20.150,0.000,5.679,19.837,-3.208,-44.016,0.000,1.883,-47.224,-0.075,-0.436,0.000,5.802,-0.511,-1.627,0.637,0.000,2.329,-0.990,-3.520,-0.187,0.000,2.571,-3.707,-2.978,-0.082,0.000,2.785,-3.060,-0.056,0.231,0.000,7.076,0.174,-1.715,-0.118,0.000,3.132,-1.833,-0.340,-0.270,0.000,4.389,-0.610,-4.322,-1.461,0.000,2.492,-5.783,-0.341,22.483,0.000,5.203,22.143,-1.245,-45.720,0.000,1.944,-46.965,-0.113,-0.162,0.000,6.052,-0.275,-0.371,-0.642,0.000,5.298,-1.013,-0.494,-1.267,0.000,3.428,-1.761,-0.746,0.332,0.000,3.359,-0.414,-2.722,-0.978,0.000,2.513,-3.700,-0.037,0.159,0.000,8.331,0.122,-0.952,32.705,0.000,4.041,31.754,-0.057,0.511,0.000,7.366,0.454,-0.059,-0.392,0.000,4.854,-0.451,-1.327,-0.944,0.000,2.550,-2.271,-0.077,-0.868,0.000,6.627,-0.945,-0.059,-0.111,0.000,6.367,-0.170,-3.908,-49.385,-0.204,2.026,-53.497,-4.523,-3.169,0.000,2.602,-7.692,-0.096,-0.062,0.000,7.227,-0.159,-0.143,0.381,0.000,5.912,0.238,-2.909,0.124,0.000,2.088,-2.785,-1.049,0.092,0.000,2.299,-0.957,-0.074,0.418,0.000,6.562,0.344,-0.080,-9.336,0.000,6.762,-9.416,-0.670,1.286,0.000,3.664,0.616,-0.575,-0.187,0.000,3.266,-0.762,-0.156,-0.111,0.000,5.079,-0.267,-1.054,-12.990,0.000,2.646,-14.044,-0.158,-0.031,0.000,5.810,-0.189,-2.596,1.169,0.000,2.986,-1.427,-0.263,-0.314,0.000,3.846,-0.577,-0.116,0.127,0.000,5.410,0.012,0.919,9.280,-0.500,1.698,9.699,-0.192,-0.159,0.000,5.784,-0.351,-1.034,1.154,0.000,2.382,0.120,-0.123,-0.438,0.000,4.869,-0.561,,"","","","","",,,,,"",,,,
,"5XPR_Bosentan_Epharm","43","2026-09-14 23:20:22","2026-09-14 23:20:35","","",,"",,,"","",,,,,,,,"5XPR_Bosentan_Epharm",,,,,,,,,,,,,,,,,,,,,,,,,,,,,,,,,,,,,,,,,,,,,,,,,,,,,,,,,,,,,,,,,,,,,,,,,,,,,,,,,,,,,,,,,,,,,,,,,,,,,,,,,,,,,,,,,,,,,,,,,,,,,,,,,,,,,,,,,,,,,,,,,,,,,,,,,,,,,,,,,,,,,,,,,,,,,,,,,,,,,,,,,,,,,,,,,,,,,,,,,,,,,,,,,,,,,,,,,,,,,,,,,,,,,,,,,,,,,,,,,,,,,,,,,,,,,,,,,,,,,,,,,,,,,,,,,,,,,,,,,,"","","","","",,,,,"",,,,
,"5XPR - minimized","44","2026-09-15 00:09:13","2026-09-15 00:25:15","HUMAN ENDOTHELIN RECEPTOR TYPE-B IN COMPLEX WITH ANTAGONIST BOSENTAN","5XPR",3.600,"X-RAY DIFFRACTION",100.000,6.000,"/home/weili/cx/数据交接_陈熹/ETB/ETB_hypothesis/5xpr_Hypothesis_26","5xpr_Hypothesis_26-docking_pv.maegz",1,true,,,,,,"5xpr_glide-dock_XP_26",,,,,,,,,,,,,,,,,,,,,,,,,,,,,,,,,,,,,,,,,,,,,,,,,,,,,,,,,,,,,,,,,,,,,,,,,,,,,,,,,,,,,,,,,,,,,,,,,,,,,,,,,,,,,,,,,,,,,,,,,,,,,,,,,,,,,,,,,,,,,,,,,,,,,,,,,,,,,,,,,,,,,,,,,,,,,,,,,,,,,,,,,,,,,,,,,,,,,,,,,,,,,,,,,,,,,,,,,,,,,,,,,,,,,,,,,,,,,,,,,,,,,,,,,,,,,,,,,,,,,,,,,,,,,,,,,,,,,,,,,,"GGGSGGDEAEKL","2QDE","A:49_A:62","A:50_A:61","AGDTSSWYRGET",0.250,11.360,65.000,-23.690,"OPLS4",15194.933,0.198,true,-825.949
,"5XPR - minimized_ligand","45","2026-09-15 00:09:13","2026-09-17 11:31:17","HUMAN ENDOTHELIN RECEPTOR TYPE-B IN COMPLEX WITH ANTAGONIST BOSENTAN","5XPR",3.600,"X-RAY DIFFRACTION",100.000,6.000,"/home/weili/cx/数据交接_陈熹/ETB/ETB_hypothesis/5xpr_Hypothesis_26","5xpr_Hypothesis_26-docking_pv.maegz",2,true,0,1.000,0.0005,0.0003,-1,"5xpr_glide-dock_XP_26",,-6.055,-6.056,-6.056,0.000,,,,,,,,,,,,,,,,,,,,,,,,,,,,,,,,,,,,,,,,,,,,,,,,,,,,,,,,,,,,,,,,,,,,,,,,,,,,,,,,,,,,,,,,,,,,,,,,,,,,,,,,,,,,,,,,,,,,,,,,,,,,,,,,,,,,,,,,,,,,,,,,,,,,,,,,,,,,,,,,,,,,,,,,,,,,,,,,,,,,,,,,,,,,,,,,,,,,,,,,,,,,,,,,,,,,,,,,,,,,,,,,,,,,,,,,,,,,,,,,,,,,,,,,,,,,,,,,,,,,,,,,,,,,,,,,,,,,,"GGGSGGDEAEKL","2QDE","A:49_A:62","A:50_A:61","AGDTSSWYRGET",0.250,11.360,65.000,-23.690,"",,,,-825.949
,"5xpr_Hypothesis_26","46","2026-09-15 00:09:14","2026-09-17 11:30:35","","",,"",,,"/home/weili/cx/数据交接_陈熹/ETB/ETB_hypothesis/5xpr_Hypothesis_26","5xpr_Hypothesis_26.phypo",1,,,,,,,"",,,,,,,,,,,,,,,,,,,,,,,,,,,,,,,,,,,,,,,,,,,,,,,,,,,,,,,,,,,,,,,,,,,,,,,,,,,,,,,,,,,,,,,,,,,,,,,,,,,,,,,,,,,,,,,,,,,,,,,,,,,,,,,,,,,,,,,,,,,,,,,,,,,,,,,,,,,,,,,,,,,,,,,,,,,,,,,,,,,,,,,,,,,,,,,,,,,,,,,,,,,,,,,,,,,,,,,,,,,,,,,,,,,,,,,,,,,,,,,,,,,,,,,,,,,,,,,,,,,,,,,,,,,,,,,,,,,,,,,,,,"","","","","",,,,,"",,,,
